﻿<?xml version="1.0" encoding="UTF-8"?>
<MetaDataObject xmlns="http://v8.1c.ru/8.3/MDClasses" xmlns:app="http://v8.1c.ru/8.2/managed-application/core" xmlns:cfg="http://v8.1c.ru/8.1/data/enterprise/current-config" xmlns:cmi="http://v8.1c.ru/8.2/managed-application/cmi" xmlns:ent="http://v8.1c.ru/8.1/data/enterprise" xmlns:lf="http://v8.1c.ru/8.2/managed-application/logform" xmlns:style="http://v8.1c.ru/8.1/data/ui/style" xmlns:sys="http://v8.1c.ru/8.1/data/ui/fonts/system" xmlns:v8="http://v8.1c.ru/8.1/data/core" xmlns:v8ui="http://v8.1c.ru/8.1/data/ui" xmlns:web="http://v8.1c.ru/8.1/data/ui/colors/web" xmlns:win="http://v8.1c.ru/8.1/data/ui/colors/windows" xmlns:xen="http://v8.1c.ru/8.3/xcf/enums" xmlns:xpr="http://v8.1c.ru/8.3/xcf/predef" xmlns:xr="http://v8.1c.ru/8.3/xcf/readable" xmlns:xs="http://www.w3.org/2001/XMLSchema" xmlns:xsi="http://www.w3.org/2001/XMLSchema-instance" version="2.4">
	<ExternalDataProcessor uuid="11c5f751-bfaf-480a-92fe-7f30023f2e9a">
		<InternalInfo>
			<xr:ContainedObject>
				<xr:ClassId>c3831ec8-d8d5-4f93-8a22-f9bfae07327f</xr:ClassId>
				<xr:ObjectId>908d0aaf-e4ec-4668-8d14-3e8075d222fd</xr:ObjectId>
			</xr:ContainedObject>
			<xr:GeneratedType name="ExternalDataProcessorObject.ШаблонГенератораОтчета" category="Object">
				<xr:TypeId>85629dd2-6be4-49c6-9a69-13411102aa57</xr:TypeId>
				<xr:ValueId>3fdd55c8-e92e-4f99-8b28-3ba8957b50ab</xr:ValueId>
			</xr:GeneratedType>
		</InternalInfo>
		<Properties>
			<Name>ШаблонГенератораОтчета</Name>
			<Synonym>
				<v8:item>
					<v8:lang>ru</v8:lang>
					<v8:content>Шаблон генератора отчета</v8:content>
				</v8:item>
			</Synonym>
			<Comment/>
			<DefaultForm>ExternalDataProcessor.ШаблонГенератораОтчета.Form.Форма</DefaultForm>
			<AuxiliaryForm/>
		</Properties>
		<ChildObjects>
			<Attribute uuid="b7f71bb8-94f2-46e2-96b7-ba71175a3f41">
				<Properties>
					<Name>СостоянияТестов</Name>
					<Synonym>
						<v8:item>
							<v8:lang>ru</v8:lang>
							<v8:content>Состояния тестов</v8:content>
						</v8:item>
					</Synonym>
					<Comment/>
					<Type/>
					<PasswordMode>false</PasswordMode>
					<Format/>
					<EditFormat/>
					<ToolTip/>
					<MarkNegatives>false</MarkNegatives>
					<Mask/>
					<MultiLine>false</MultiLine>
					<ExtendedEdit>false</ExtendedEdit>
					<MinValue xsi:nil="true"/>
					<MaxValue xsi:nil="true"/>
					<FillChecking>DontCheck</FillChecking>
					<ChoiceFoldersAndItems>Items</ChoiceFoldersAndItems>
					<ChoiceParameterLinks/>
					<ChoiceParameters/>
					<QuickChoice>Auto</QuickChoice>
					<CreateOnInput>Auto</CreateOnInput>
					<ChoiceForm/>
					<LinkByType/>
					<ChoiceHistoryOnInput>Auto</ChoiceHistoryOnInput>
				</Properties>
			</Attribute>
			<Attribute uuid="eec25991-4d8f-4557-9bb0-26bc905e962d">
				<Properties>
					<Name>ТипыУзловДереваТестов</Name>
					<Synonym>
						<v8:item>
							<v8:lang>ru</v8:lang>
							<v8:content>Типы узлов дерева тестов</v8:content>
						</v8:item>
					</Synonym>
					<Comment/>
					<Type/>
					<PasswordMode>false</PasswordMode>
					<Format/>
					<EditFormat/>
					<ToolTip/>
					<MarkNegatives>false</MarkNegatives>
					<Mask/>
					<MultiLine>false</MultiLine>
					<ExtendedEdit>false</ExtendedEdit>
					<MinValue xsi:nil="true"/>
					<MaxValue xsi:nil="true"/>
					<FillChecking>DontCheck</FillChecking>
					<ChoiceFoldersAndItems>Items</ChoiceFoldersAndItems>
					<ChoiceParameterLinks/>
					<ChoiceParameters/>
					<QuickChoice>Auto</QuickChoice>
					<CreateOnInput>Auto</CreateOnInput>
					<ChoiceForm/>
					<LinkByType/>
					<ChoiceHistoryOnInput>Auto</ChoiceHistoryOnInput>
				</Properties>
			</Attribute>
			<Form>Форма</Form>
		</ChildObjects>
	</ExternalDataProcessor>
</MetaDataObject>