﻿<?xml version="1.0" encoding="utf-8"?>
<opm-metadata xmlns="http://oscript.io/schemas/opm-metadata/1.0">
    <name>add</name>
    <version>6.4.0</version>
    <author>SilverBulleters, LLC</author>
    <description>Сборка add</description>
    <engine-version>1.0.20</engine-version>
    <depends-on name="asserts"/>
    <depends-on name="1commands" version="1.3.0"/>
    <depends-on name="logos" version="0.6.2"/>
    <depends-on name="cmdline" version="0.6.2"/>
    <depends-on name="tempfiles" version="0.2.1"/>
    <depends-on name="v8runner" version="0.11.2"/>
    <depends-on name="v8unpack" version="1.0.1"/>
    <depends-on name="fs" version="1.0.0"/>
    <depends-on name="opm" version="0.15.0"/>
</opm-metadata>