﻿{
    "$schema":"https://raw.githubusercontent.com/silverbulleters/vanessa-runner/develop/behavior-schema.json",
   "ИмяСборки":"Сборка 8.3.6 UF Check Doc",
   "ВерсияПлатформы":"8.3.6",
   "ВыводитьСообщенияВФайл": "./ServiceBases/Messages 8.3.6 UF Check Doc.txt",
   "КаталогПоискаВерсииПлатформы":"C:\\Program Files (x86)\\1cv8",
   "СтрокаПодключенияКБазе":"ENTERPRISE /F./ServiceBases/v83ServiceBase836",
   "EpfДляИнициализацияБазы": "./epf/init.epf",
   "ПараметрыДляИнициализацияБазы": "./epf/init.json",
   "ПутьКVanessaADD": "./../bddRunner.epf",
   "КаталогФич": "./features",
   "КаталогиБиблиотек":[
   "./features/libraries"
   ],
   "ВыполнитьСценарии": "Истина",
   "ЗавершитьРаботуСистемы": "Истина",
   "ЗакрытьTestClientПослеЗапускаСценариев": "Истина",
   "ДелатьЛогВыполненияСценариевВЖР": "Истина",
   "ДелатьОтчетВФорматеАллюр": "Истина",
   "ДелатьОтчетВФорматеjUnit": "Истина",
   "ДелатьОтчетВФорматеCucumberJson": "Истина",
   "ДелатьЛогВыполненияСценариевВТекстовыйФайл": "Истина",
   "КаталогOutputAllureБазовый": "./tools/ServiceBases/allurereport",
   "КаталогOutputjUnit": "./tools/ServiceBases/junitreport",
   "КаталогOutputCucumberJson": "./tools/ServiceBases/cucumber",
   "СоздаватьПодкаталогВКаталогеAllureДляЭтойСборки": "Истина",
   "ДелатьСкриншотПриВозникновенииОшибки": "Истина",
   "СниматьСкриншотКаждогоОкна1С": "Истина",
   "КаталогOutputСкриншоты": "./tools/ServiceBases/ScreenShots",
   "ИмяФайлаЛогВыполненияСценариев": "./tools/ServiceBases/log.txt",
   "КомандаСделатьСкриншот": "\"C:\\Program Files (x86)\\IrfanView\\i_view32.exe\" /capture=1 /convert=",
   "ВыгружатьСтатусВыполненияСценариевВФайл": "Истина",
   "ДобавлятьКИмениСценарияУсловияВыгрузки": "Истина",
   "ПутьКФайлуДляВыгрузкиСтатусаВыполненияСценариев": "./tools/ServiceBases/BuildStatus.log",
   "ВерсияПлатформыДляГенерацииEPF": "C:/Program Files (x86)/1cv8/8.3.10.2252/bin",
   "СписокТеговОтбор":[
   "DocumentationBuild"
   ]
}
