﻿{
    "$schema":"https://raw.githubusercontent.com/silverbulleters/vanessa-runner/develop/behavior-schema.json",
   "ИмяСборки":"Сборка 8.3.6 UF no sync",
   "ВерсияПлатформы":"8.3.6",
   "ВыводитьСообщенияВФайл": "./ServiceBases/Messages 8.3.6 UF no sync.txt",
   "КаталогПоискаВерсииПлатформы":"C:/Program Files (x86)/1cv8",
   "СтрокаПодключенияКБазе":"ENTERPRISE /F./ServiceBases/v83NoSyncServiceBase /EnableCheckModal /EnableCheckExtensionsAndAddInsSyncCalls",
   "EpfДляИнициализацияБазы": "./epf/init.epf",
   "ПараметрыДляИнициализацияБазы": "./epf/init.json",
   "ПутьКVanessaADD": "./../bddRunner.epf",
   "КаталогФич": "./../features",
   "КаталогиБиблиотек":[
   "./../features/Libraries"
   ],
   "ВыполнитьСценарии": "Истина",
   "ЗавершитьРаботуСистемы": "Истина",
   "ЗакрытьTestClientПослеЗапускаСценариев": "Истина",
   "ДелатьЛогВыполненияСценариевВЖР": "Истина",
   "ДелатьОтчетВФорматеАллюр": "Истина",
   "КаталогOutputAllureБазовый": "./ServiceBases/allurereport",
   "СоздаватьПодкаталогВКаталогеAllureДляЭтойСборки": "Истина",
   "ДелатьСкриншотПриВозникновенииОшибки": "Истина",
   "КаталогOutputСкриншоты": "./ServiceBases/ScreenShots",
   "КомандаСделатьСкриншот": "\"C:/Program Files (x86)/IrfanView/i_view32.exe\" /capture=1 /convert=",
   "ВыгружатьСтатусВыполненияСценариевВФайл": "Истина",
   "ДобавлятьКИмениСценарияУловияВыгрузки": "Истина",
   "ПутьКФайлуДляВыгрузкиСтатусаВыполненияСценариев": "./ServiceBases/BuildStatus.log",
   "КаталогСкриптовСборкиВидео": "./../../vanessa-ci/MakeVideoInstr",
   "СписокТеговИсключение":[
        "IgnoreOnCIMainBuild",
        "IgnoreOnOF836",
        "IgnoreIfNotIrfanView",
        "NotOnSRC",
        "IgnoreOnLinux",
        "Video"
   ]
}