﻿{
    "$schema":"https://raw.githubusercontent.com/silverbulleters/vanessa-runner/develop/behavior-schema.json",
   "ИмяСборки":"836OF",
   "ВерсияПлатформы":"8.3.6",
   "ВыводитьСообщенияВФайл": "./build/ServiceBases/Messages 8.3.6 OF.txt",
   "КаталогПоискаВерсииПлатформы":"C:\\Program Files (x86)\\1cv8",
   "СтрокаПодключенияКБазе":"/F./build/ServiceBases/v83ServiceBase836",
   "ДополнительныеПараметры":"/RunModeOrdinaryApplication",
   "ЗапускатьТолстыйКлиент": "Истина",
   "ПутьКVanessaADD": "./build/bddRunner.epf",
   "КаталогФич": "./build/features",
   "ВыполнитьСценарии": "Истина",
   "ДелатьОтчетВФорматеАллюр": "Истина",
   "ДелатьОтчетВФорматеjUnit": "Истина",
   "ДелатьОтчетВФорматеCucumberJson": "Истина",
   "КаталогOutputAllureБазовый": "./build/ServiceBases/allurereport",
   "КаталогOutputjUnit": "./build/ServiceBases/junitreport",
   "КаталогOutputCucumberJson": "./build/ServiceBases/cucumber",
   "ЗавершитьРаботуСистемы": "Истина",
   "ДелатьЛогВыполненияСценариевВЖР": "Истина",
   "ВыгружатьСтатусВыполненияСценариевВФайл": "Истина",
   "СоздаватьПодкаталогВКаталогеAllureДляЭтойСборки": "Истина",
   "ДобавлятьКИмениСценарияУлсовияВыгрузки": "Истина",
   "ПутьКФайлуДляВыгрузкиСтатусаВыполненияСценариев": "./build/ServiceBases/BuildStatus.log",
   "ВерсияПлатформыДляГенерацииEPF": "C:/Program Files (x86)/1cv8/8.3.10.2252/bin",
   "СписокТеговИсключение":[
   "IgnoreOnCIMainBuild",
   "IgnoreOnOFBuilds",
   "IgnoreOnOF836",
   "Ignore"
   ]
}