﻿{
    "$schema":"https://raw.githubusercontent.com/silverbulleters/vanessa-runner/develop/behavior-schema.json",
   "ИмяСборки":"8310UFFastCheck",
   "ВерсияПлатформы":"8.3.10",
   "ВыводитьСообщенияВФайл": "./ServiceBases/Messages 8.3.10 UF.txt",
   "КаталогПоискаВерсииПлатформы":"C:\\Program Files (x86)\\1cv8",
   "СтрокаПодключенияКБазе":"ENTERPRISE /F.\\ServiceBases\\v83ServiceBase8310",
   "EpfДляИнициализацияБазы": "./epf/init.epf",
   "ПараметрыДляИнициализацияБазы": "./epf/init.json",
   "ПутьКVanessaADD": "./../bddRunner.epf",
   "КаталогФич": "./features",
   "КаталогиБиблиотек":[
   "./features/libraries"
   ],
   "ВыполнитьСценарии": "Истина",
   "ЗавершитьРаботуСистемы": "Истина",
   "ЗакрытьTestClientПослеЗапускаСценариев": "Истина",
   "ДелатьЛогВыполненияСценариевВЖР": "Истина",
   "ДелатьОтчетВФорматеАллюр": "Истина",
   "ДелатьОтчетВФорматеjUnit": "Истина",
   "ДелатьОтчетВФорматеCucumberJson": "Истина",
   "ДелатьЛогВыполненияСценариевВТекстовыйФайл": "Истина",
   "КаталогOutputAllureБазовый": "./tools/ServiceBases/allurereport",
   "КаталогOutputjUnit": "./tools/ServiceBases/junitreport",
   "КаталогOutputCucumberJson": "./tools/ServiceBases/cucumber",
   "КаталогВнешнихОбработокEDT": "./features/Drafts/step_definitions/bin",
   "СоздаватьПодкаталогВКаталогеAllureДляЭтойСборки": "Истина",
   "ДелатьСкриншотПриВозникновенииОшибки": "Истина",
   "СниматьСкриншотКаждогоОкна1С": "Ложь",
   "КаталогOutputСкриншоты": "./tools/ServiceBases/ScreenShots",
   "ИмяФайлаЛогВыполненияСценариев": "./tools/ServiceBases/log8310.txt",
   "КомандаСделатьСкриншот": "\"C:\\Program Files (x86)\\IrfanView\\i_view32.exe\" /capture=1 /convert=",
   "ВыгружатьСтатусВыполненияСценариевВФайл": "Истина",
   "ДобавлятьКИмениСценарияУсловияВыгрузки": "Истина",
   "ПутьКФайлуДляВыгрузкиСтатусаВыполненияСценариев": "./tools/ServiceBases/BuildStatus.log",
   "ВерсияПлатформыДляГенерацииEPF": "C:/Program Files (x86)/1cv8/8.3.10.2252/bin",
   "СписокТеговИсключение":[
   "IgnoreOnCIMainBuild",
   "IgnoreOn8310",
   "IgnoreOnUFBuilds",
   "Ignore",
   "Video"
   ],
   "ВыполнятьШагиАссинхронно":"Ложь",
   "ЗаписьВидеоКомандаНачатьЗаписьВидео": "\"C:\\Program Files (x86)\\VideoLAN\\VLC\\vlc.exe\" screen://  -I rc --rc-quiet --rc-host=127.0.0.1:8082 --nommx :screen-mouse-image=\"<screenmouseimage>\" :screen-fps=<fps> :screen-width=<screenwidth> :screen-height=<screenheight> :screen-top=0 :screen-left=0 :screen-caching=100 :sout=#transcode{vcodec=mp4v,vb=400,fps=<fps>,scale=1,width=<screenwidth>,height=<screenheight>,acodec=none}:duplicate{dst=std{access=file,mux=mp4,dst=<dst>}}",
   "ЗаписьВидеоФайлКурсораМышки": "./tools/VideoTools/mouse.png",
   "ЗаписьВидеоКаталогДляВременныхФайлов": "./tools/VideoTemp",
   "ЗаписьВидеоФайлВодянойЗнак": "./tools/VideoTools/logoSB.png",
   "ЗаписьВидеоКомандаFfmpeg": "ffmpeg",
   "ЗаписьВидеоКомандаConvert": "C:\\Program Files\\ImageMagick-6.9.3-Q16\\convert.exe",
   "ЗаписьВидеоКаталогМузыки": "./tools/../../vanessa-ci/MakeVideoInstr/music",
   "ЗаписьВидеоДелатьНаложениеTTS": "Истина",
   "ЗаписьВидеоПутьКДвижкуTTS": "balcon",
   "ЗаписьВидеоИмяTTS": "Elena",
   "ЗаписьВидеоСловарьЗамен": "./tools/VideoTools/libtts.txt",
   "ЗаписьВидеоЭкранШирина": "1920",
   "ЗаписьВидеоЭкранВысота": "1080",
   "ЗаписьВидеоКоличествоКадров": "5",
   "ЗаписьВидеоПодсвечиватьАктивныеЭлементыФорм": "Истина",
   "ЗаписьВидеоПеремещатьКурсорМышкиКАктивномуЭлементуФормы": "Истина"
}
