﻿{
    "$schema":"https://raw.githubusercontent.com/silverbulleters/vanessa-runner/develop/behavior-schema.json",
    "ИмяСборки": "8310UF",
    "ВерсияПлатформы": "8.3.10",
    "ВыводитьСообщенияВФайл": "./ServiceBases/Messages 8.3.10 UF no sync.txt",
    "СтрокаПодключенияКБазе": "/F./ServiceBases/v83ServiceBase8310",
    "EpfДляИнициализацияБазы": "./tools/epf/init.epf",
    "ПараметрыДляИнициализацияБазы": "./tools/epf/init.json",
    "ПутьКVanessaADD": "./bddRunner.epf",
    "КаталогПроекта": "$workspaceRoot",
    "КаталогФич": "$workspaceRoot/./features",
    "КаталогиБиблиотек": [
        "$instrumentsRoot/./features/libraries"
    ],
    "КлиентыТестирования": [
        {
            "Имя": "ПроверкаОбновления",
            "ПутьКИнфобазе": "File=C:/Bases/MyBase",
            "ДопПараметры": "/NАдмин",
            "ТипКлиента": "Тонкий",
            "ИмяКомпьютера": "localhost",
            "ПортЗапускаТестКлиента": "48000",
            "АктивизироватьСтроку": "Ложь"
        }
    ],
    "ЗагрузитьСценарии": false,
    "ВыполнитьСценарии": true,
    "ЗавершитьРаботуСистемы": true,
    "ЗакрытьTestClientПослеЗапускаСценариев": true,
    "DebugLog": false,
    "ПриравниватьPendingКFailed": false,
    "ВыводитьВЛогВыполнениеШагов": true,
    "ДелатьЛогВыполненияСценариевВЖР": "Истина",
    "ДелатьОтчетВФорматеАллюр": "Истина",
    "ДелатьОтчетВФорматеjUnit": "Истина",
    "ДелатьОтчетВФорматеCucumberJson": "Истина",
    "ДелатьЛогВыполненияСценариевВТекстовыйФайл": "Истина",
    "СоздаватьПодкаталогВКаталогеAllureДляЭтойСборки": "Истина",
    "КаталогOutputAllure": "$workspaceRoot/./ServiceBases/allurereport",
    "КаталогOutputAllureБазовый": "$workspaceRoot/./ServiceBases/allurereport",
    "КаталогOutputjUnit": "$workspaceRoot/./ServiceBases/junitreport",
    "КаталогOutputCucumberJson": "$workspaceRoot/./ServiceBases/cucumber",
    "КаталогВнешнихОбработокEDT": "./features/Drafts/step_definitions/bin",
    "ДелатьСкриншотПриВозникновенииОшибки": "Истина",
    "КаталогOutputСкриншоты": "$workspaceRoot/./ServiceBases/ScreenShots",
    "ИмяФайлаЛогВыполненияСценариев": "$workspaceRoot/./ServiceBases/log.txt",
    "КомандаСделатьСкриншот": "\"C:\\Program Files (x86)\\IrfanView\\i_view32.exe\" /capture=1 /convert=",
    "ВыгружатьСтатусВыполненияСценариевВФайл": "Истина",
    "ПутьКФайлуДляВыгрузкиСтатусаВыполненияСценариев": "$workspaceRoot/./ServiceBases/BuildStatus.log",
    "ДобавлятьКИмениСценарияУсловияВыгрузки": "Истина",
    "СписокТеговИсключение": [
        "IgnoreOnCIMainBuild",
        "IgnoreOn8310",
        "IgnoreOnUFBuilds",
        "Ignore",
        "Video"
    ],
    "ДополнительныеПараметры": {
        "КаталогФичДляVBManager": "$workspaceRoot/./features"
    },
    "ЗаписьВидеоКомандаНачатьЗаписьВидео": "\"C:\\Program Files (x86)\\VideoLAN\\VLC\\vlc.exe\" screen://  -I rc --rc-quiet --rc-host=127.0.0.1:8082 --nommx :screen-mouse-image=\"<screenmouseimage>\" :screen-fps=<fps> :screen-width=<screenwidth> :screen-height=<screenheight> :screen-top=0 :screen-left=0 :screen-caching=100 :sout=#transcode{vcodec=mp4v,vb=400,fps=<fps>,scale=1,width=<screenwidth>,height=<screenheight>,acodec=none}:duplicate{dst=std{access=file,mux=mp4,dst=<dst>}}",
    "ЗаписьВидеоФайлКурсораМышки": "./tools/VideoTools/mouse.png",
    "ЗаписьВидеоКаталогДляВременныхФайлов": "./tools/VideoTemp",
    "ЗаписьВидеоФайлВодянойЗнак": "./tools/VideoTools/logoSB.png",
    "ЗаписьВидеоКомандаFfmpeg": "ffmpeg",
    "ЗаписьВидеоКомандаConvert": "c:/ProgramData/chocolatey/bin/convert.exe",
    "ЗаписьВидеоКаталогМузыки": "./tools/../../vanessa-ci/MakeVideoInstr/music",
    "ЗаписьВидеоДелатьНаложениеTTS": "Истина",
    "ЗаписьВидеоПутьКДвижкуTTS": "balcon",
    "ЗаписьВидеоИмяTTS": "Elena",
    "ЗаписьВидеоСловарьЗамен": "./tools/VideoTools/libtts.txt",
    "ЗаписьВидеоЭкранШирина": "1920",
    "ЗаписьВидеоЭкранВысота": "1080",
    "ЗаписьВидеоКоличествоКадров": "5",
    "ЗаписьВидеоПодсвечиватьАктивныеЭлементыФорм": "Истина",
    "ЗаписьВидеоПеремещатьКурсорМышкиКАктивномуЭлементуФормы": "Истина",
    "StartFeaturePlayer": false,
    "СписокТеговОтбор": [],
    "ВыгрузитьPIDTestManager": false,
    "КаталогИсполняемогоФайла": "",
    "ИмяФайлаPIDTestManager": "",
    "ИмяФайлаВнешнихКомандФреймворка": "",
    "КоличествоСекундПоискаОкна": "10",
    "ОстановкаПриВозникновенииОшибки": false,
    "ПоказыватьНомерСтрокиДереваПриВозникновенииОшибки": false,
    "ДелатьСообщенияТранслитом": false,
    "СоздаватьИнструкциюHTML": false,
    "СоздаватьИнструкциюMarkdown": false,
    "СоздаватьИнструкциюВидео": false,
    "ДелатьЛогОшибокВТекстовыйФайл": false,
    "ИмяКаталогаЛогОшибок": "",
    "КаталогOutputИнструкцияHTML": "",
    "КаталогOutputИнструкцияMarkdown": "",
    "КаталогOutputИнструкцияВидео": "",
    "ДелатьОтчетВоВнутреннемФормате": false,
    "КаталогИнструментов": "",
    "ВыполнитьСценарииСТекущегоШага": false,
    "НомерСтрокиДляЗапускаСТекущегоШагаСценария": "",
    "СниматьСкриншотКаждогоОкна1С": false,
    "ЗапускатьТестКлиентВРежимеОтладки": false,
    "КлючиОтладки": "",
    "АдресОтладчика": "",
    "ВыполнятьШагиАссинхронно": false,
    "ПриоритетНастроекПользователя": false,
    "ЗаписьВидеоСловарьЗаменСписок": [],
    "ВерсияПлатформыДляГенерацииEPF": "",
    "ТаймаутЗапуска1С": "25",
    "ДиапазонПортовTestclient": "",
    "ЯзыкГенератораGherkin" : "ru"
}