{
    "$schema": "https://github.com/vanessa-opensource/vanessa-runner/blob/develop/vanessa-runner-schema.json",
    "default": {
        "--ibconnection": "/F./build/ib",
        // "--ibconnection": "/Smyserver\\mybase",
        "--db-user": "",
        "--db-pwd": "",
        "--workspace": ".",
        "--v8version":"8.3.10",
        "--locale":"ru",
        "--language":"ru",
        "--additional": "/DisplayAllFunctions /Lru  /iTaxi ",
        // "--additional": "/DisplayAllFunctions /iTaxi /Debug /DebuggerURL tcp://localhost:1561",
        "--ordinaryapp": "-1"
    },
    "syntax-check": {
        "--groupbymetadata":true,
        "--exception-file":"",
        "--mode": [
            "-ExtendedModulesCheck",
            "-ThinClient",
             "-WebClient",
             "-Server",
             "-ExternalConnection",
             "-ThickClientOrdinaryApplication"
        ]
        // "-Extension" : "ИмяРасширения",
        // "-AllExtensions" : true
    },
    "vanessa": {
        "--vanessasettings": "./tools/JSON/VBParams8310UF.json",
        "--pathvanessa": "./bddRunner.epf"
    },
    "xunit": {
        "--ibconnection": "/F./build/ibservicexdd",
        "--db-user": "Admin",
        "--db-pwd": "",
        "--xddConfig": "./tools/JSON/xUnitParams.json",
        "testsPath": "./tests",
        "--reportsxunit": "ГенераторОтчетаJUnitXML{build/junit.xml};ГенераторОтчетаAllureXMLВерсия2{build/allure/allure.xml}",
        "--xddExitCodePath": "./build/xddExitCodePath.txt",
        "--pathxunit": "./xddTestRunner.epf"
    }
}