{
    "$schema":"https://raw.githubusercontent.com/silverbulleters/vanessa-runner/develop/xunit-schema.json",
    "Отладка":false,
    "ДобавлятьИмяПользователяВПредставлениеТеста":true,
    "ДелатьЛогВыполненияСценариевВТекстовыйФайл":true,
    "ИмяФайлаЛогВыполненияСценариев": "$workspaceRoot/build/ServiceBases/log-xunit.txt",

    "smoke": {
        "СтрогийПорядокВыполнения":true,
        "ОткрываемФормыНаКлиентеТестирования":true,

        "ВыводитьСообщенияВЖурналРегистрации":true,
        "ИсключитьФормыЗависящиеОтОтключенныхФункциональныхОпций":false,

        "СпособГруппировки":"ПоВидуМетаданных",
        "КоличествоВГруппе":1,

        "Справочники": {
            "Подчиненные": {
            },
            "ЗначенияРеквизитовНовых": {
                "СправочникСОбязательнымРеквизитом": {
                    "ОбязательныйРеквизит": "Привет, Мир!"
                }
            },
            "Списки": [
            ],
            "Существующие": [
                "ПодчиненныйСДвумяВладельцами",
                "СправочникСОбязательнымРеквизитом"
            ],
            "Новые": [
                "ПодчиненныйСДвумяВладельцами",
                "СправочникСОбязательнымРеквизитом"
            ]
        },
        "Документы": {
            "Списки": [
            ],
            "Существующие": [
            ],
            "Новые": [
            ],
            "ПеренестиДату": [
            ]
        },
        "Отчеты": [
        ],
        "Обработки": [
            "ОткрытьVanessaADD",
            "ТестОбработка_Форма_ИсключениеПриОткрытии"
        ],
        "БизнесПроцессы": {
            "Списки": [
                "КакойТоБизнесПроцесс"
            ],
            "Новые": [
                "КакойТоБизнесПроцесс"
            ]
        },
        "ПропускаемыеИсключения" : [
            "Обработка не предназначена для непосредственного использования"
        ]
    },

    "CommandInterface": {
        "СтрогийПорядокВыполнения": true,
        "Разделы": [
            "Настройки и администрирование"
        ],
        "ОбщиеКоманды":[
            "ОбщаяКоманда1"
        ],
        "ОбщиеФормы":[
            "ОбщаяФорма1"
        ],
        "Справочники": 
            [
                "ПростойСправочник.Форма.ФормаВыбора"
            ],
        "Документы": [

        ],
        "Отчеты": [
            "КакойТоОтчет"
        ],
        "Обработки": [
            "xddGuidShow",
            "ТестОбработка_Форма_ИсключениеПриОткрытии",
            "СериализаторMXL.Форма.УправляемаяФорма"
        ],
        "БизнесПроцессы": [
            "КакойТоБизнесПроцесс"
        ],
        "ВнешниеИсточникиДанных": [
            "КакойТоВнешнийИсточникДанных"
        ]
    },

    "ПроверкаЧтенияНеАдминистраторами": [
        "ПолныеПрава",
        "АдминистраторСистемы"
    ],
    
    "smokeInputBasedOn": {
        "Исключения": {
            "ДокументыПроведенные": [
                "ЧтоОткрываем/ДокументОснование",
                "ЗаказКлиента/ЗаданиеТорговомуПредставителю"
            ],
            "ДокументыНеПроведенные": [
                "ОперацияПоПлатежнойКарте/ЗаявкаНаРасходованиеДенежныхСредств"
            ]
        }
    },
    
    "SmokeCommonModules": {
        "Subsystems": [
         ],
        "ExcludedCommonModules": [
        ]
    }
}
